name,nat_seq,consensus_seq,seq_id
2KC8_0001,KQTLLSDEDAELVEIVKERLRNPKPVRVTLDEL,EGSRTDEEDDVLEKIYREYLKNPKPVERTVEEL,42.42424242424242
2KC8_0002,KQTLLSDEDAELVEIVKERLRNPKPVRVTLDEL,PESTQGALDDVLVEEIKEEQKSPKPVPVSVEEL,39.39393939393939
2KC8_0003,KQTLLSDEDAELVEIVKERLRNPKPVRVTLDEL,GEETTGVESDVLKKEVKEELKNPKPKITTVEEL,39.39393939393939
2KC8_0004,KQTLLSDEDAELVEIVKERLRNPKPVRVTLDEL,EETPGSEESYEWEKVVKERLKNRKPIERTVEEL,45.45454545454545
2KC8_0005,KQTLLSDEDAELVEIVKERLRNPKPVRVTLDEL,PLVSIGAEDDVWDKEVKEELKNPKPIELSIEEL,36.36363636363637
2KC8_0006,KQTLLSDEDAELVEIVKERLRNPKPVRVTLDEL,PSELTGAESKELVRLVKERAKNLKWIEITIEEL,42.42424242424242
2KC8_0007,KQTLLSDEDAELVEIVKERLRNPKPVRVTLDEL,PEAEGSEEDDVLEKLVKEEQKNPKGIEITIEEL,39.39393939393939
2KC8_0008,KQTLLSDEDAELVEIVKERLRNPKPVRVTLDEL,PSLLTSEASDVLVVEIKEELKNPKPKEITVEEL,42.42424242424242
2KC8_0009,KQTLLSDEDAELVEIVKERLRNPKPVRVTLDEL,GLDRLSEEDDILERLVKEYLKNPKPVRVTIEEL,57.57575757575758
2KC8_0010,KQTLLSDEDAELVEIVKERLRNPKPVRVTLDEL,PPSLSGEESDLDVKVAKAVLKNPKWIEMSVEEL,30.303030303030305
2KC8_0011,KQTLLSDEDAELVEIVKERLRNPKPVRVTLDEL,GESPWGLEDEQAEKVVKELGKDPKMIIITLEEL,33.33333333333333
2KC8_0012,KQTLLSDEDAELVEIVKERLRNPKPVRVTLDEL,EELEQDVEDEKLVKVIREELKNPKWVERTVEEL,39.39393939393939
2KC8_0013,KQTLLSDEDAELVEIVKERLRNPKPVRVTLDEL,PEELTSEGDEVLNKLVREHLKNPKWIERTLEEL,42.42424242424242
2KC8_0014,KQTLLSDEDAELVEIVKERLRNPKPVRVTLDEL,PERLTSEEDDLLEKIAKERLKNAKPIPVTVEEL,51.515151515151516
2KC8_0015,KQTLLSDEDAELVEIVKERLRNPKPVRVTLDEL,EVKPSSEEDDQLEKLVREELKNPKWVETTIEEL,42.42424242424242
2KC8_0016,KQTLLSDEDAELVEIVKERLRNPKPVRVTLDEL,EETSRSDEDDVLEREVLEELKNPKPIRISVEEL,48.484848484848484
2KC8_0017,KQTLLSDEDAELVEIVKERLRNPKPVRVTLDEL,ERSKRGVEDDVLEELAKEELKNPKPVERTIEEL,45.45454545454545
2KC8_0018,KQTLLSDEDAELVEIVKERLRNPKPVRVTLDEL,PESNGGEESDVLEQVYKERRKNAKPVEISVEEL,33.33333333333333
2KC8_0019,KQTLLSDEDAELVEIVKERLRNPKPVRVTLDEL,GLEEEEIEDVVLEGLVKEELKNPKPVRLSIEEL,45.45454545454545
2KC8_0020,KQTLLSDEDAELVEIVKERLRNPKPVRVTLDEL,RREPTSEEDDVLEELYKEELKGPKAVPVTVEEL,45.45454545454545
