fragName,cenResIdx,chainID,resNum,numMatches,numSeeds
4FXE-ARG81-relax-noHyd_E_B_E2,E,2,10,3
4FXE-ARG81-relax-noHyd_E_B_E3,E,3,10,0
4FXE-ARG81-relax-noHyd_E_B_E4,E,4,10,1
4FXE-ARG81-relax-noHyd_E_B_E5,E,5,10,0
4FXE-ARG81-relax-noHyd_E_B_E6,E,6,10,6
4FXE-ARG81-relax-noHyd_E_B_E7,E,7,10,6
4FXE-ARG81-relax-noHyd_E_B_E8,E,8,10,2
4FXE-ARG81-relax-noHyd_E_B_E9,E,9,10,2
4FXE-ARG81-relax-noHyd_E_B_E10,E,10,10,2
4FXE-ARG81-relax-noHyd_E_B_E12,E,12,10,2
4FXE-ARG81-relax-noHyd_E_B_E13,E,13,10,3
4FXE-ARG81-relax-noHyd_E_B_E14,E,14,10,1
4FXE-ARG81-relax-noHyd_E_B_E15,E,15,10,1
4FXE-ARG81-relax-noHyd_E_B_E16,E,16,10,3
4FXE-ARG81-relax-noHyd_E_B_E17,E,17,10,2
4FXE-ARG81-relax-noHyd_E_B_E19,E,19,10,1
4FXE-ARG81-relax-noHyd_E_B_E20,E,20,10,1
4FXE-ARG81-relax-noHyd_E_B_E21,E,21,10,1
4FXE-ARG81-relax-noHyd_E_B_E23,E,23,10,1
4FXE-ARG81-relax-noHyd_E_B_E24,E,24,10,2
4FXE-ARG81-relax-noHyd_E_B_E25,E,25,10,1
4FXE-ARG81-relax-noHyd_E_B_E27,E,27,10,2
4FXE-ARG81-relax-noHyd_E_B_E28,E,28,10,5
4FXE-ARG81-relax-noHyd_E_B_E29,E,29,10,0
4FXE-ARG81-relax-noHyd_E_B_E31,E,31,10,4
4FXE-ARG81-relax-noHyd_E_B_E32,E,32,10,4
4FXE-ARG81-relax-noHyd_E_B_E34,E,34,10,0
4FXE-ARG81-relax-noHyd_E_B_E35,E,35,10,5
4FXE-ARG81-relax-noHyd_E_B_E36,E,36,10,3
4FXE-ARG81-relax-noHyd_E_B_E38,E,38,10,2
4FXE-ARG81-relax-noHyd_E_B_E39,E,39,10,1
4FXE-ARG81-relax-noHyd_E_B_E40,E,40,10,5
4FXE-ARG81-relax-noHyd_E_B_E41,E,41,10,4
4FXE-ARG81-relax-noHyd_E_B_E42,E,42,10,1
4FXE-ARG81-relax-noHyd_E_B_E43,E,43,10,2
4FXE-ARG81-relax-noHyd_E_B_E44,E,44,10,1
4FXE-ARG81-relax-noHyd_E_B_E45,E,45,10,3
4FXE-ARG81-relax-noHyd_E_B_E46,E,46,10,5
4FXE-ARG81-relax-noHyd_E_B_E47,E,47,10,0
4FXE-ARG81-relax-noHyd_E_B_E48,E,48,10,2
4FXE-ARG81-relax-noHyd_E_B_E49,E,49,10,0
4FXE-ARG81-relax-noHyd_E_B_E52,E,52,10,4
4FXE-ARG81-relax-noHyd_E_B_E54,E,54,10,1
4FXE-ARG81-relax-noHyd_E_B_E56,E,56,10,2
4FXE-ARG81-relax-noHyd_E_B_E57,E,57,10,0
4FXE-ARG81-relax-noHyd_E_B_E58,E,58,10,4
4FXE-ARG81-relax-noHyd_E_B_E59,E,59,10,1
4FXE-ARG81-relax-noHyd_E_B_E60,E,60,10,0
4FXE-ARG81-relax-noHyd_E_B_E61,E,61,10,1
4FXE-ARG81-relax-noHyd_E_B_E63,E,63,10,2
4FXE-ARG81-relax-noHyd_E_B_E65,E,65,10,1
4FXE-ARG81-relax-noHyd_E_B_E67,E,67,10,1
4FXE-ARG81-relax-noHyd_E_B_E68,E,68,10,2
4FXE-ARG81-relax-noHyd_E_B_E69,E,69,10,2
4FXE-ARG81-relax-noHyd_E_B_E70,E,70,10,4
4FXE-ARG81-relax-noHyd_E_B_E71,E,71,10,3
4FXE-ARG81-relax-noHyd_E_B_E74,E,74,10,2
4FXE-ARG81-relax-noHyd_E_B_E76,E,76,10,0
4FXE-ARG81-relax-noHyd_E_B_E77,E,77,10,2
4FXE-ARG81-relax-noHyd_E_B_E79,E,79,10,2
4FXE-ARG81-relax-noHyd_E_B_E80,E,80,10,6
4FXE-ARG81-relax-noHyd_E_B_E81,E,81,10,2
4FXE-ARG81-relax-noHyd_E_B_E82,E,82,10,1
4FXE-ARG81-relax-noHyd_E_B_E83,E,83,10,3
